account_id,usage_count_qoq_delta_z,tickets_opened_qoq_delta_z,usage_drop_flag,arr_amount_qoq_delta_z,seats_qoq_delta_z,seats,avg_satisfaction,satisfaction_missing_flag,contract_missing_flag,plan_tier,plan_tier,seats,mrr_amount
A-00bed1,-1.2950592181173584,-0.0093899522514764,1,-0.0599968377921508,-0.0970556413709226,28.0,,0,1,Enterprise,Enterprise,28.0,5572.0
A-00cac8,0.1531263643581577,-0.0093899522514764,0,0.0822428096042993,0.4124534114495518,19.0,,0,1,Pro,Pro,19.0,931.0
A-0158bb,-1.134149708953412,-0.0093899522514764,1,0.4767665069284053,1.5704285314960844,45.0,,0,1,Pro,Pro,45.0,2205.0
A-016043,0.609036640322672,1.0664302914176793,0,0.0703675143671189,0.5514104258551357,26.0,,1,1,Basic,Basic,26.0,494.0
A-019782,-1.2414227150627095,-0.0093899522514764,1,-0.130193027416373,-0.0507366365690612,15.0,3.0,0,1,Enterprise,Enterprise,15.0,0.0
A-029f69,-1.9118790032458188,-0.0093899522514764,1,0.1104796227238172,1.4777905218923617,34.0,,0,1,Basic,Basic,34.0,646.0
A-02cd81,-2.126425015464414,-1.0852101959206322,1,0.50896175179365,-0.0970556413709226,44.0,,0,1,Pro,Pro,44.0,2156.0
A-02fac6,1.7890397075249442,-0.0093899522514764,0,0.1141741590198289,-0.0970556413709226,22.0,,0,1,Pro,Pro,22.0,1078.0
A-034368,-0.8659671936801684,-0.0093899522514764,0,1.017488283394688,-0.2360126557765064,23.0,,0,1,Enterprise,Enterprise,23.0,4577.0
A-0354fe,,,0,,,34.0,3.0,0,1,Enterprise,Enterprise,34.0,6766.0
A-038089,-0.6514211814615734,-0.0093899522514764,1,-0.5004383433666878,-1.532944790228623,5.0,,0,1,Basic,Basic,5.0,95.0
A-039727,,,0,,,0.0,,0,1,none,none,0.0,0.0
A-0532a9,0.2872176219947795,-0.0093899522514764,0,0.0904235685454681,-0.0970556413709226,19.0,,1,1,Pro,Pro,19.0,931.0
A-054577,2.057222222798188,-0.0093899522514764,0,0.4651551071409399,0.3661344066476905,85.0,,0,1,Enterprise,Enterprise,85.0,16915.0
A-05d3b3,-2.0459702608824406,-0.0093899522514764,1,0.9377918575807216,0.3661344066476905,19.0,,1,1,Enterprise,Enterprise,19.0,3781.0
A-05f0e5,2.19131348043481,1.0664302914176793,0,0.2762059651449133,1.1072384834774711,58.0,,1,1,Pro,Pro,58.0,2842.0
A-0651a4,,,0,,,65.0,,0,1,Enterprise,Enterprise,65.0,12935.0
A-068fc6,-0.4636934207703028,-0.0093899522514764,1,-0.5125775340535833,-1.7182208094360685,0.0,,0,1,none,none,0.0,0.0
A-075038,-1.9118790032458188,1.0664302914176793,1,-0.7421665753057387,1.06091947867561,42.0,3.0,0,1,Basic,Basic,42.0,798.0
A-089363,0.7699461494866182,-1.0852101959206322,0,-0.5851487827252416,-0.1433746461727839,9.0,,0,1,Enterprise,Enterprise,9.0,0.0
A-08e34e,-0.7855124390981952,-1.0852101959206322,0,0.4941836066096032,-0.0970556413709226,14.0,,0,1,Enterprise,Enterprise,14.0,2786.0
A-09316c,-0.4905116722976271,2.142250535086835,1,-0.0599968377921508,-0.0970556413709226,70.0,3.0,0,1,Enterprise,Enterprise,70.0,13930.0
A-09540c,-0.7050576845162221,-0.0093899522514764,0,0.4704330161352423,-0.0970556413709226,67.0,,0,1,Pro,Pro,67.0,3283.0
A-098560,-0.0346013963331128,1.0664302914176793,0,0.1149658453689743,-0.2360126557765064,4.0,3.0,0,1,Enterprise,Enterprise,4.0,796.0
A-0a282f,-0.3027839116063565,1.0664302914176793,1,-0.3492262506799234,-0.2823316605783678,2.0,4.0,0,1,Pro,Pro,2.0,98.0
A-0a62f5,-0.1150561509150859,1.0664302914176793,1,-0.7748896110704137,0.3198154018458292,25.0,,1,1,Basic,Basic,25.0,475.0
A-0aaf6e,1.2526746769784567,1.0664302914176793,0,0.8852766630874125,0.2271773922421065,18.0,5.0,0,1,Enterprise,Enterprise,18.0,3582.0
A-0b0d6d,,,0,,,21.0,,1,1,Pro,Pro,21.0,1029.0
A-0baac2,0.2872176219947795,-2.161030439589788,0,-0.0599968377921508,-0.0970556413709226,0.0,,0,1,none,none,0.0,0.0
A-0be015,,,0,,,19.0,4.0,0,1,Basic,Basic,19.0,0.0
A-0cc442,0.2872176219947795,-0.0093899522514764,0,-0.4801183937386235,-0.467607679785813,45.0,,0,1,Enterprise,Enterprise,45.0,8955.0
A-0dbdc6,-0.5173299238249515,1.0664302914176793,1,0.1598280718205449,0.6903674402607196,47.0,5.0,0,1,Pro,Pro,47.0,2303.0
A-0e966d,2.1108587258528364,-0.0093899522514764,0,-0.2280982392606829,-0.6992027037951195,0.0,4.0,0,1,none,none,0.0,0.0
A-0f3e88,0.9576739101778888,-0.0093899522514764,0,-0.1452350680501349,-0.8844787230025648,0.0,4.0,0,1,none,none,0.0,0.0
A-0f6450,,,0,,,28.0,,0,1,Basic,Basic,28.0,532.0
A-0f7d77,,,0,,,7.0,,0,1,Basic,Basic,7.0,133.0
A-104f1a,1.0381286647598618,1.0664302914176793,0,0.1104796227238172,-0.6065646941913969,34.0,,1,1,Basic,Basic,34.0,646.0
A-10b8da,1.118583419341835,-0.0093899522514764,0,-0.0599968377921508,-0.0970556413709226,34.0,,0,1,Pro,Pro,34.0,1666.0
A-10b8f2,-0.7318759360435465,-0.0093899522514764,0,0.5606852599378137,-0.0507366365690612,48.0,,0,1,Pro,Pro,48.0,2352.0
A-117171,-0.7050576845162221,-0.0093899522514764,1,-0.0599968377921508,-0.0970556413709226,0.0,4.0,0,1,none,none,0.0,0.0
A-118d55,,,0,,,0.0,4.0,0,1,none,none,0.0,0.0
A-118f1c,,,0,,,32.0,,0,1,Enterprise,Enterprise,32.0,6368.0
A-13466a,1.0113104132325377,1.0664302914176793,0,-0.0599968377921508,-0.0970556413709226,9.0,3.0,0,1,Basic,Basic,9.0,171.0
A-139c3b,,,0,,,21.0,4.5,0,1,Basic,Basic,21.0,0.0
A-149a69,,,0,,,34.0,4.0,0,1,Basic,Basic,34.0,646.0
A-151c9a,0.3676723765767526,-0.0093899522514764,0,-0.0599968377921508,-0.0970556413709226,52.0,,0,1,Pro,Pro,52.0,2548.0
A-157070,-2.420621234719162,1.0664302914176793,1,-0.1953752034960079,-1.347668771021178,0.0,3.0,0,1,none,none,0.0,0.0
A-158f4e,-0.5709664268796002,-1.0852101959206322,1,2.8375752000798777,-0.0970556413709226,61.0,,0,1,Enterprise,Enterprise,61.0,12139.0
A-1619f8,-1.6168782364452507,1.0664302914176793,1,-0.0599968377921508,-0.0970556413709226,29.0,,1,1,Basic,Basic,29.0,551.0
A-17939a,,,0,,,14.0,,0,1,Basic,Basic,14.0,266.0
A-180abf,-0.8123306906255195,-1.0852101959206322,1,0.4466824256608815,-0.0970556413709226,64.0,,0,1,Pro,Pro,64.0,3136.0
A-186a44,0.0994898613035089,1.0664302914176793,0,-0.1602771086838968,-1.0234357374081486,0.0,4.0,0,1,none,none,0.0,0.0
A-18793f,,,0,,,148.0,,0,1,Basic,Basic,148.0,0.0
A-1986ca,-0.5709664268796002,-2.161030439589788,1,-0.0599968377921508,-0.0970556413709226,20.0,,0,1,Enterprise,Enterprise,20.0,3980.0
A-19b2c8,0.2603993704674552,-1.0852101959206322,0,0.9903070520740308,-0.0970556413709226,20.0,,0,1,Enterprise,Enterprise,20.0,3980.0
A-1ac5e0,,,0,,,33.0,,0,1,Enterprise,Enterprise,33.0,0.0
A-1b707d,-0.0614196478604372,1.0664302914176793,0,-0.0599968377921508,-0.0044176317671999,2.0,,1,1,Basic,Basic,2.0,0.0
A-1b7577,,,0,,,41.0,,0,1,Pro,Pro,41.0,2009.0
A-1b9609,-0.1150561509150859,1.0664302914176793,1,-0.1452350680501349,0.2734963970439678,25.0,,1,1,Enterprise,Enterprise,25.0,0.0
A-1d5444,-0.4368751692429784,1.0664302914176793,1,-0.0599968377921508,-0.0970556413709226,24.0,,1,1,Basic,Basic,24.0,0.0
A-1e1b80,0.5285818857406989,-1.0852101959206322,0,0.190703839437214,-0.0970556413709226,50.0,,0,1,Basic,Basic,50.0,950.0
A-1e50e0,-0.1955109054970591,2.142250535086835,0,-0.0599968377921508,-0.0970556413709226,19.0,5.0,0,1,Enterprise,Enterprise,19.0,3781.0
A-1e6fc3,-1.0268767028441146,-0.0093899522514764,1,-0.0074816432988417,-0.5602456893895357,1.0,,0,1,Enterprise,Enterprise,1.0,199.0
A-1f0636,1.5208571922517005,-1.0852101959206322,0,3.425507872500196,-0.0970556413709226,105.0,,0,1,Enterprise,Enterprise,105.0,20895.0
A-1f0ac7,-0.3296021631336809,-0.0093899522514764,1,0.2503442110728314,-0.0970556413709226,24.0,,0,1,Pro,Pro,24.0,1176.0
A-1f559b,0.5285818857406989,1.0664302914176793,0,-0.0449547971583889,0.0419013730346613,10.0,5.0,0,1,Basic,Basic,10.0,190.0
A-1f7acb,-1.8314242486638457,1.0664302914176793,1,-0.0599968377921508,-0.0970556413709226,64.0,,1,1,Enterprise,Enterprise,64.0,12736.0
A-202b67,1.2526746769784567,-1.0852101959206322,0,1.3207041551173622,0.7366864450625809,29.0,,0,1,Enterprise,Enterprise,29.0,5771.0
A-20736a,0.2067628674128064,2.142250535086835,0,-0.0599968377921508,-0.0970556413709226,50.0,3.5,0,1,Enterprise,Enterprise,50.0,9950.0
A-22d9d2,0.3676723765767526,-0.0093899522514764,0,-0.4479231488733787,-1.4866257854267615,0.0,3.0,0,1,none,none,0.0,0.0
A-22f2df,,,0,,,11.0,,0,1,Basic,Basic,11.0,209.0
A-241e75,0.4481271311587258,-1.0852101959206322,0,-0.2030281715377464,-0.467607679785813,5.0,,0,1,Basic,Basic,5.0,95.0
A-2446e3,0.5554001372680233,1.0664302914176793,0,-0.0599968377921508,-0.0970556413709226,27.0,4.0,0,1,Enterprise,Enterprise,27.0,5373.0
A-249769,0.6358548918499963,-0.0093899522514764,0,-0.130193027416373,-0.7455217085969809,7.0,5.0,0,1,Basic,Basic,7.0,133.0
A-271f46,1.3063111800331055,-0.0093899522514764,0,2.1651695942057496,0.2734963970439678,46.0,,0,1,Enterprise,Enterprise,46.0,9154.0
A-2789e3,1.7890397075249442,2.142250535086835,0,-0.2254592847635317,-1.1160737470118711,11.0,4.0,0,1,Pro,Pro,11.0,0.0
A-2922b6,,,0,,,20.0,4.0,0,1,Pro,Pro,20.0,980.0
A-296d7c,-0.410056917715654,-2.161030439589788,1,-0.1893056081525601,-0.5602456893895357,6.0,,0,1,Pro,Pro,6.0,294.0
A-297a2d,0.2872176219947795,-0.0093899522514764,0,1.2225350478233372,-0.0970556413709226,27.0,,0,1,Enterprise,Enterprise,27.0,5373.0
A-2b9d3e,0.394490628104077,-0.0093899522514764,0,-0.0953588280539771,-1.3013497662193163,2.0,,0,1,Enterprise,Enterprise,2.0,398.0
A-2bc93d,-0.4636934207703028,1.0664302914176793,0,0.2471774656762499,0.1808583874402452,35.0,5.0,0,1,Pro,Pro,35.0,1715.0
A-2d1036,0.5017636342133746,-0.0093899522514764,0,-0.0599968377921508,-0.0970556413709226,69.0,5.0,0,1,Pro,Pro,69.0,3381.0
A-2d4502,-1.0805132058987634,-0.0093899522514764,1,1.725519774980358,-1.6255827998323455,34.0,,0,1,Enterprise,Enterprise,34.0,6766.0
A-2e3bad,-0.0882378993877616,-1.0852101959206322,1,-3.263423701884005,-2.9225149342844623,0.0,,0,1,none,none,0.0,0.0
A-2e4581,,,0,,,44.0,,1,1,Basic,Basic,44.0,836.0
A-2ebb4b,0.90403740712324,-0.0093899522514764,0,0.4701691206855272,1.802023555505391,41.0,,0,1,Pro,Pro,41.0,2009.0
A-2edab2,0.3408541250494283,-1.0852101959206322,0,0.0745898415625608,-0.0970556413709226,17.0,,0,1,Pro,Pro,17.0,833.0
A-2f6a32,-1.5900599849179264,-0.0093899522514764,1,-0.0599968377921508,-0.0970556413709226,19.0,,0,1,Basic,Basic,19.0,361.0
A-309e54,,,0,,,15.0,,0,1,Basic,Basic,15.0,285.0
A-30b4ca,-1.2414227150627095,-1.0852101959206322,1,-0.0599968377921508,-0.0970556413709226,86.0,,0,1,Basic,Basic,86.0,1634.0
A-310452,,,0,,,9.0,4.0,0,1,Basic,Basic,9.0,171.0
A-313be3,-0.0882378993877616,1.0664302914176793,0,0.5477543829017728,-0.0970556413709226,47.0,5.0,0,1,Pro,Pro,47.0,2303.0
A-31ab9a,-0.8659671936801684,-0.0093899522514764,1,0.6752158851141763,-0.3286506653802291,14.0,3.0,0,1,Enterprise,Enterprise,14.0,2786.0
A-32728c,-0.4636934207703028,-0.0093899522514764,1,-0.0599968377921508,-0.0970556413709226,42.0,,0,1,Basic,Basic,42.0,798.0
A-328bd0,0.2067628674128064,-2.161030439589788,0,0.0825067050540144,-0.0970556413709226,18.0,,0,1,Pro,Pro,18.0,882.0
A-32fb14,-0.4636934207703028,-2.161030439589788,1,1.1750338668746154,-0.0970556413709226,26.0,,0,1,Enterprise,Enterprise,26.0,5174.0
A-331424,-0.7050576845162221,-0.0093899522514764,1,-0.6376639772185507,-0.0970556413709226,11.0,,0,1,Pro,Pro,11.0,0.0
A-337bc1,0.179944615885482,2.142250535086835,0,-0.0599968377921508,-0.0970556413709226,30.0,3.0,0,1,Pro,Pro,30.0,0.0
A-342303,-0.3027839116063565,-0.0093899522514764,0,-0.4220613948012968,-0.930797727804426,10.0,,0,1,Enterprise,Enterprise,10.0,0.0
A-34d880,0.5017636342133746,1.0664302914176793,0,0.2025791346743945,0.1345393826383839,5.0,3.0,0,1,Enterprise,Enterprise,5.0,995.0
A-34ea2f,-0.1955109054970591,-0.0093899522514764,1,0.7802462741007944,-0.4212886749839517,16.0,,1,1,Enterprise,Enterprise,16.0,3184.0
A-35083d,0.4481271311587258,-1.0852101959206322,0,2.189975766478971,1.0146004738737486,49.0,,0,1,Enterprise,Enterprise,49.0,9751.0
A-354f12,1.7890397075249442,-0.0093899522514764,0,-0.0774139374733488,0.1808583874402452,7.0,,0,1,Basic,Basic,7.0,133.0
A-378b99,0.90403740712324,-2.161030439589788,0,-0.1940557262474323,-2.5056438910677103,16.0,,0,1,Pro,Pro,16.0,784.0
A-3793ee,-0.0614196478604372,-0.0093899522514764,0,-0.0599968377921508,-0.0970556413709226,49.0,,0,1,Enterprise,Enterprise,49.0,9751.0
A-37f969,-0.3832386661883297,-0.0093899522514764,0,-0.0599968377921508,-0.0970556413709226,30.0,,0,1,Enterprise,Enterprise,30.0,5970.0
A-3932db,0.609036640322672,-1.0852101959206322,0,-1.0577855331650234,-0.0970556413709226,19.0,,0,1,Enterprise,Enterprise,19.0,0.0
A-396e5f,,,0,,,34.0,4.0,0,1,Pro,Pro,34.0,1666.0
A-39868b,0.0994898613035089,-0.0093899522514764,0,-0.5326335882319325,0.2734963970439678,17.0,,0,1,Basic,Basic,17.0,0.0
A-39b19f,-1.4559687272813044,-0.0093899522514764,1,0.005185338287484,-0.6065646941913969,13.0,5.0,0,1,Basic,Basic,13.0,247.0
A-39ddf4,,,0,,,40.0,4.0,0,1,Enterprise,Enterprise,40.0,7960.0
A-3a5ad8,-1.0805132058987634,-0.0093899522514764,1,-0.0599968377921508,0.5050914210532744,22.0,5.0,0,1,Enterprise,Enterprise,22.0,0.0
A-3a7284,,,0,,,31.0,,0,1,Pro,Pro,31.0,1519.0
A-3b37d9,1.2258564254511324,-1.0852101959206322,0,1.147852635553958,-0.0970556413709226,23.0,,0,1,Enterprise,Enterprise,23.0,4577.0
A-3b5cd1,0.5822183887953476,1.0664302914176793,0,1.6204893859937397,-1.1623927518137325,32.0,,1,1,Enterprise,Enterprise,32.0,6368.0
A-3be56b,-0.3296021631336809,-0.0093899522514764,1,-0.1452350680501349,-0.8844787230025648,20.0,,0,1,Basic,Basic,20.0,380.0
A-3c1a3f,0.7163096464319695,-0.0093899522514764,0,-0.182444326459967,0.0882203778365226,7.0,,0,1,Basic,Basic,7.0,133.0
A-3cc791,0.3140358735221039,-1.0852101959206322,0,0.327929473289077,1.2925145026849163,36.0,,1,1,Pro,Pro,36.0,1764.0
A-3ce5b8,0.0190351067215358,1.0664302914176793,0,-0.1001089461488492,-0.0970556413709226,8.0,3.0,0,1,Enterprise,Enterprise,8.0,0.0
A-3d957b,0.3676723765767526,-0.0093899522514764,0,0.3091928963593034,-2.8298769246807396,14.0,,0,1,Enterprise,Enterprise,14.0,2786.0
A-3f9cc0,-2.420621234719162,-0.0093899522514764,1,-0.0599968377921508,-0.0970556413709226,30.0,,1,1,Enterprise,Enterprise,30.0,5970.0
A-40906c,0.6626731433773208,2.142250535086835,0,-0.0599968377921508,-0.0970556413709226,92.0,3.5,0,1,Pro,Pro,92.0,4508.0
A-40a557,-0.7855124390981952,1.0664302914176793,1,0.7802462741007944,-0.1896936509746452,16.0,5.0,0,1,Enterprise,Enterprise,16.0,3184.0
A-40de06,1.413584186142403,-0.0093899522514764,0,-0.2204452712189444,-1.5792637950304844,28.0,,0,1,Basic,Basic,28.0,532.0
A-410e86,,,0,,,24.0,,0,1,Enterprise,Enterprise,24.0,4776.0
A-417d2f,-0.624602929934249,2.142250535086835,1,0.3667221043971998,0.7830054498644422,33.0,,1,1,Pro,Pro,33.0,1617.0
A-425e76,-0.5441481753522759,-0.0093899522514764,1,-0.0599968377921508,-0.0970556413709226,9.0,,0,1,Enterprise,Enterprise,9.0,1791.0
A-427b69,0.0994898613035089,-0.0093899522514764,0,0.0252413924658332,-0.0970556413709226,17.0,,0,1,Basic,Basic,17.0,323.0
A-42b791,0.0726716097761846,-0.0093899522514764,0,-0.3347120009455918,-0.5139266845876743,20.0,,0,1,Basic,Basic,20.0,380.0
A-42e5e1,0.6358548918499963,-0.0093899522514764,0,0.0642979190236711,0.3198154018458292,10.0,,0,1,Pro,Pro,10.0,490.0
A-432483,0.5017636342133746,-1.0852101959206322,0,-0.1842915946079728,0.8756434594681648,31.0,,0,1,Pro,Pro,31.0,1519.0
A-439b2f,-0.0346013963331128,1.0664302914176793,1,0.2561499109665641,0.921962464270026,26.0,,1,1,Pro,Pro,26.0,1274.0
A-43a9e3,-1.187786212008061,-0.0093899522514764,1,-0.0599968377921508,-0.0970556413709226,18.0,,0,1,Pro,Pro,18.0,882.0
A-4437e4,-0.839148942152844,1.0664302914176793,1,-0.0148707158908651,0.1345393826383839,9.0,3.0,0,1,Basic,Basic,9.0,171.0
A-443b7c,-0.2223291570243834,-1.0852101959206322,1,-0.2003892170405952,-1.393987775823039,8.0,,0,1,Basic,Basic,8.0,152.0
A-443f6f,,,0,,,19.0,,1,1,Pro,Pro,19.0,931.0
A-44dc83,-0.6782394329888978,-1.0852101959206322,1,-0.0599968377921508,-0.2823316605783678,13.0,,0,1,Enterprise,Enterprise,13.0,0.0
A-45ce7a,-0.1955109054970591,1.0664302914176793,1,0.7000220573873976,-0.0970556413709226,16.0,,1,1,Enterprise,Enterprise,16.0,3184.0
A-462d45,-0.624602929934249,1.0664302914176793,1,0.327929473289077,-1.532944790228623,30.0,,1,1,Pro,Pro,30.0,1470.0
A-463db0,,,0,,,15.0,4.0,0,1,Pro,Pro,15.0,735.0
A-474ad4,-1.8314242486638457,-0.0093899522514764,1,1.0969208137589397,0.6440484354588583,24.0,,0,1,Enterprise,Enterprise,24.0,4776.0
A-4814a3,0.4213088796314014,-0.0093899522514764,0,-0.0599968377921508,-0.0970556413709226,87.0,,0,1,Pro,Pro,87.0,4263.0
A-484819,-0.6514211814615734,-1.0852101959206322,1,0.7749683651064919,-0.2823316605783678,18.0,,0,1,Enterprise,Enterprise,18.0,3582.0
A-49b828,0.1531263643581577,1.0664302914176793,0,0.8092747735694577,0.1808583874402452,20.0,3.0,0,1,Enterprise,Enterprise,20.0,3980.0
A-4a267b,0.394490628104077,-0.0093899522514764,0,-0.3832687636931741,-0.0970556413709226,25.0,,0,1,Pro,Pro,25.0,0.0
A-4a4c2d,-1.134149708953412,1.0664302914176793,1,0.3675137907463451,-0.0970556413709226,54.0,5.0,0,1,Pro,Pro,54.0,2646.0
A-4ae22a,0.609036640322672,-1.0852101959206322,0,-0.0599968377921508,-0.0970556413709226,28.0,,0,1,Basic,Basic,28.0,532.0
A-4bfa33,,,0,,,8.0,,0,1,Enterprise,Enterprise,8.0,0.0
A-4c38bc,-0.4636934207703028,-1.0852101959206322,0,-1.9505438395512775,-1.7645398142379296,0.0,,0,1,none,none,0.0,0.0
A-4c56c9,0.4749453826860502,-1.0852101959206322,0,-0.4423813444293611,0.3198154018458292,18.0,3.0,0,1,Basic,Basic,18.0,342.0
A-4c6f11,0.3408541250494283,-0.0093899522514764,0,-0.0599968377921508,-0.0970556413709226,24.0,,0,1,Basic,Basic,24.0,456.0
A-4d1e75,-0.5977846784069246,-1.0852101959206322,1,-0.2183341076212235,-0.0970556413709226,20.0,,0,1,Basic,Basic,20.0,380.0
A-4e0e85,1.3331294315604298,-1.0852101959206322,0,-0.0599968377921508,1.0146004738737486,39.0,,0,1,Enterprise,Enterprise,39.0,0.0
A-4e44e8,-1.5900599849179264,-1.0852101959206322,1,0.8327614685941034,0.2271773922421065,17.0,,0,1,Enterprise,Enterprise,17.0,3383.0
A-4e631b,0.5017636342133746,-1.0852101959206322,0,-0.0599968377921508,-0.0970556413709226,22.0,,0,1,Basic,Basic,22.0,418.0
A-4e960a,1.708584952942971,1.0664302914176793,0,-0.0599968377921508,-0.0970556413709226,12.0,,1,1,Basic,Basic,12.0,228.0
A-4ef964,2.432677744180729,1.0664302914176793,0,0.1115352045226777,-0.5602456893895357,28.0,5.0,0,1,Pro,Pro,28.0,1372.0
A-4f18f0,0.2335811189401308,-1.0852101959206322,0,0.0603394872779443,-0.0970556413709226,24.0,,0,1,Basic,Basic,24.0,456.0
A-503d5a,2.4863142472353776,2.142250535086835,0,2.803268791616912,2.2188945987221427,56.0,4.0,0,1,Enterprise,Enterprise,56.0,11144.0
A-508199,0.2872176219947795,-1.0852101959206322,0,-1.0577855331650234,-0.0970556413709226,19.0,,0,1,Enterprise,Enterprise,19.0,0.0
A-50bb9f,0.2872176219947795,-2.161030439589788,0,0.5477543829017728,2.079937584316559,54.0,,0,1,Pro,Pro,54.0,2646.0
A-50f3f7,1.5744936953063493,-1.0852101959206322,0,1.4125397716182242,-0.0970556413709226,31.0,,0,1,Enterprise,Enterprise,31.0,6169.0
A-51ec1b,-0.8123306906255195,-1.0852101959206322,1,-0.1125120322854599,-0.1433746461727839,17.0,,0,1,Enterprise,Enterprise,17.0,3383.0
A-524364,,,0,,,11.0,4.0,0,1,Pro,Pro,11.0,539.0
A-5247b3,-2.0191520093551163,-2.161030439589788,1,0.1041461319306543,2.589446637137033,74.0,,0,1,Basic,Basic,74.0,1406.0
A-526d93,1.118583419341835,1.0664302914176793,0,-2.3181502010044412,-2.088772847850959,0.0,,1,1,none,none,0.0,0.0
A-52dd88,0.179944615885482,-0.0093899522514764,0,-0.8799200000570319,0.2271773922421065,30.0,,0,1,Pro,Pro,30.0,1470.0
A-533452,,,0,,,52.0,,0,1,Basic,Basic,52.0,988.0
A-53f4e3,-0.410056917715654,-1.0852101959206322,0,0.2046902982721155,0.2271773922421065,29.0,,0,1,Pro,Pro,29.0,1421.0
A-544d0a,1.2526746769784567,-0.0093899522514764,0,-3.3159388963773138,-2.968833939086324,2.0,,0,1,Enterprise,Enterprise,2.0,398.0
A-54d94a,-0.7855124390981952,-2.161030439589788,1,-0.2737521520613989,-0.0970556413709226,27.0,,0,1,Basic,Basic,27.0,513.0
A-54ecc2,-0.7318759360435465,1.0664302914176793,1,1.3803445267529797,0.921962464270026,28.0,5.0,0,1,Enterprise,Enterprise,28.0,5572.0
A-558c72,0.5822183887953476,-1.0852101959206322,0,-0.2521127251847589,-2.968833939086324,15.0,,0,1,Pro,Pro,15.0,735.0
A-55f257,1.8426762105795929,-1.0852101959206322,0,-0.0599968377921508,-0.0970556413709226,21.0,,0,1,Enterprise,Enterprise,21.0,4179.0
A-560d27,-0.2491474085517078,-0.0093899522514764,1,-1.2678463111382596,0.1808583874402452,29.0,,0,1,Basic,Basic,29.0,0.0
A-56962b,0.7699461494866182,-0.0093899522514764,0,3.425507872500196,-0.0970556413709226,163.0,,0,1,Enterprise,Enterprise,163.0,32437.0
A-5790f4,,,0,,,0.0,,1,1,none,none,0.0,0.0
A-58b9ff,-0.624602929934249,-0.0093899522514764,1,-0.4479231488733787,-1.4866257854267615,33.0,,0,1,Pro,Pro,33.0,1617.0
A-592832,-1.0805132058987634,1.0664302914176793,1,-0.0027315252039696,-0.8844787230025648,18.0,,1,1,Pro,Pro,18.0,882.0
A-59f724,-1.1073314574260875,-0.0093899522514764,1,0.0302554060104205,0.597729430656997,18.0,4.0,0,1,Basic,Basic,18.0,342.0
A-5a184f,1.3063111800331055,-0.0093899522514764,0,-0.795209560698478,-0.7455217085969809,0.0,,0,1,none,none,0.0,0.0
A-5a215a,0.9576739101778888,-0.0093899522514764,0,-3.4198925919290946,-0.0970556413709226,87.0,4.0,0,1,Pro,Pro,87.0,4263.0
A-5a3eb9,-0.624602929934249,-0.0093899522514764,1,-0.280613433753992,-2.13509185265282,0.0,,0,1,none,none,0.0,0.0
A-5a92e7,-0.0614196478604372,-0.0093899522514764,0,-0.4220613948012968,-0.9771167326062874,9.0,3.0,0,1,Pro,Pro,9.0,0.0
A-5b051a,0.6894913949046452,-0.0093899522514764,0,0.1141741590198289,-0.0970556413709226,22.0,,0,1,Pro,Pro,22.0,1078.0
A-5b1bcd,0.609036640322672,-0.0093899522514764,0,-2.949652012172726,-0.0970556413709226,73.0,5.0,0,1,Pro,Pro,73.0,3577.0
A-5b4ebb,-1.9386972547731431,1.0664302914176793,1,0.2226351888527437,0.3198154018458292,30.0,5.0,0,1,Pro,Pro,30.0,1470.0
A-5c046d,0.394490628104077,-0.0093899522514764,0,-0.0599968377921508,-0.0970556413709226,93.0,,0,1,Enterprise,Enterprise,93.0,18507.0
A-5c9849,,,0,,,19.0,,0,1,Pro,Pro,19.0,931.0
A-5ed98d,1.8158579590522683,-1.0852101959206322,0,-0.3703378866571331,0.5514104258551357,38.0,,0,1,Basic,Basic,38.0,0.0
A-5f2961,,,0,,,16.0,,0,1,Basic,Basic,16.0,304.0
A-5f7781,-0.7318759360435465,-1.0852101959206322,1,0.1141741590198289,-0.0970556413709226,22.0,,0,1,Pro,Pro,22.0,1078.0
A-5fe118,,,0,,,39.0,,0,1,Basic,Basic,39.0,0.0
A-600734,-0.7318759360435465,-1.0852101959206322,1,0.2601083427122909,0.2271773922421065,36.0,,0,1,Pro,Pro,36.0,1764.0
A-625d0b,1.0649469162871863,1.0664302914176793,0,0.4126399126476309,-0.0970556413709226,9.0,,1,1,Enterprise,Enterprise,9.0,1791.0
A-659280,0.179944615885482,-1.0852101959206322,0,-0.1251790138717857,0.0882203778365226,17.0,,0,1,Basic,Basic,17.0,0.0
A-65a46c,0.7699461494866182,2.142250535086835,0,0.2244824570007495,0.921962464270026,35.0,4.5,0,1,Pro,Pro,35.0,1715.0
A-65aeb5,-0.1686926539697347,-0.0093899522514764,1,-0.1763747311165192,-0.5139266845876743,0.0,,0,1,none,none,0.0,0.0
A-65c341,-0.8659671936801684,-0.0093899522514764,1,-0.2022364851886011,-0.6065646941913969,0.0,,0,1,none,none,0.0,0.0
A-66224b,,,0,,,92.0,4.0,0,1,Enterprise,Enterprise,92.0,0.0
A-671f31,,,0,,,82.0,,0,1,Enterprise,Enterprise,82.0,0.0
A-67be94,0.179944615885482,2.142250535086835,0,-2.4545841485071587,-1.3013497662193163,26.0,3.0,0,1,Pro,Pro,26.0,1274.0
A-684255,0.0994898613035089,-2.161030439589788,0,-0.5326335882319325,-0.5139266845876743,0.0,,0,1,none,none,0.0,0.0
A-6843f2,,,0,,,21.0,,0,1,Pro,Pro,21.0,1029.0
A-68f37c,-0.7050576845162221,-0.0093899522514764,1,-0.0438992153595284,-0.6065646941913969,4.0,,1,1,Enterprise,Enterprise,4.0,796.0
A-692f18,0.0458533582488602,-0.0093899522514764,0,-0.0599968377921508,-0.5139266845876743,0.0,,1,1,none,none,0.0,0.0
A-6965e1,,,0,,,13.0,,0,1,Basic,Basic,13.0,247.0
A-69b156,-0.624602929934249,-2.161030439589788,1,-0.7426943662051689,-0.6992027037951195,0.0,,0,1,none,none,0.0,0.0
A-69fad4,1.2258564254511324,-2.161030439589788,0,-0.0599968377921508,-0.0970556413709226,13.0,,0,1,Pro,Pro,13.0,0.0
A-6a4e2d,0.3140358735221039,-1.0852101959206322,0,-0.1903611899514206,-1.3013497662193163,0.0,,0,1,none,none,0.0,0.0
A-6a7c9d,,,0,,,26.0,,0,1,Pro,Pro,26.0,1274.0
A-6c093d,1.7622214559976197,-1.0852101959206322,0,-0.1505129770444374,-0.0970556413709226,7.0,,0,1,Enterprise,Enterprise,7.0,0.0
A-6da850,-1.321877469644683,2.142250535086835,1,-0.1246512229723555,-0.3286506653802291,0.0,4.0,0,1,none,none,0.0,0.0
A-6dee43,-0.4636934207703028,-0.0093899522514764,1,-0.771195074774402,-1.857177823841652,17.0,,1,1,Pro,Pro,17.0,0.0
A-6e08f3,1.413584186142403,-1.0852101959206322,0,-0.2275704483612527,-0.3286506653802291,13.0,,0,1,Basic,Basic,13.0,247.0
A-6e7827,-0.7855124390981952,-0.0093899522514764,1,-0.4178390676058549,0.1808583874402452,17.0,4.0,0,1,Pro,Pro,17.0,833.0
A-6f50ae,0.0726716097761846,2.142250535086835,0,0.692105193895944,-0.0970556413709226,19.0,4.0,0,1,Enterprise,Enterprise,19.0,3781.0
A-6f8ad2,-1.9386972547731431,2.142250535086835,1,0.0001713247428967,0.4587724162514131,41.0,5.0,0,1,Basic,Basic,41.0,779.0
A-700ade,,,0,,,50.0,,1,1,Basic,Basic,50.0,950.0
A-702032,0.0994898613035089,-2.161030439589788,0,-0.0599968377921508,-1.393987775823039,0.0,,0,1,none,none,0.0,0.0
A-712426,,,0,,,63.0,4.0,0,1,Enterprise,Enterprise,63.0,0.0
A-712533,1.2794929285057812,1.0664302914176793,0,-0.7725145520229776,-0.0970556413709226,18.0,4.0,0,1,Pro,Pro,18.0,882.0
A-712f1c,-0.5441481753522759,-1.0852101959206322,0,-0.3315452555490104,-1.06975474221001,17.0,,0,1,Pro,Pro,17.0,833.0
A-71615e,-0.4636934207703028,-0.0093899522514764,0,-1.5465199060374273,-0.8844787230025648,15.0,,0,1,Pro,Pro,15.0,735.0
A-716841,-0.4905116722976271,-0.0093899522514764,1,2.3031869144067576,-0.0970556413709226,45.0,,0,1,Enterprise,Enterprise,45.0,8955.0
A-726cfa,-0.2223291570243834,-1.0852101959206322,1,1.9355805529535943,1.153557488279333,38.0,,0,1,Enterprise,Enterprise,38.0,7562.0
A-72799b,0.90403740712324,-1.0852101959206322,0,0.7287866614063457,1.338833507486778,61.0,,0,1,Pro,Pro,61.0,2989.0
A-751bd4,0.4481271311587258,2.142250535086835,0,-0.1101369732380238,1.06091947867561,35.0,4.5,0,1,Pro,Pro,35.0,0.0
A-751c58,0.7699461494866182,-0.0093899522514764,0,0.2057458800709759,2.3578516131277265,71.0,5.0,0,1,Basic,Basic,71.0,1349.0
A-756192,-0.7855124390981952,-0.0093899522514764,1,0.4313764895774045,0.7830054498644422,38.0,,0,1,Pro,Pro,38.0,1862.0
A-7641d3,-0.3832386661883297,1.0664302914176793,0,-0.7986402015447746,-2.459324886265849,10.0,3.0,0,1,Basic,Basic,10.0,190.0
A-76fa4d,,,0,,,69.0,4.0,0,1,Pro,Pro,69.0,3381.0
A-779e4e,-1.1609679604807366,1.0664302914176793,1,-0.0599968377921508,-0.0970556413709226,98.0,5.0,0,1,Basic,Basic,98.0,1862.0
A-781cc0,-0.5977846784069246,-1.0852101959206322,1,-0.1703051357730714,-1.1160737470118711,12.0,3.0,0,1,Basic,Basic,12.0,228.0
A-78f02b,,,0,,,11.0,4.0,0,1,Pro,Pro,11.0,539.0
A-7920cc,1.386765934615079,2.142250535086835,0,3.368005054007271,1.2925145026849163,69.0,,1,1,Enterprise,Enterprise,69.0,13731.0
A-794a0b,1.0381286647598618,-0.0093899522514764,0,-0.0599968377921508,-0.0970556413709226,31.0,,0,1,Enterprise,Enterprise,31.0,6169.0
A-7988d1,0.7699461494866182,-0.0093899522514764,0,-0.2254592847635317,-0.0970556413709226,33.0,3.0,0,1,Basic,Basic,33.0,0.0
A-798a3f,0.4749453826860502,1.0664302914176793,0,0.6227006906208672,-0.0507366365690612,13.0,4.0,0,1,Enterprise,Enterprise,13.0,2587.0
A-7a0d69,-1.6168782364452507,-1.0852101959206322,1,0.7285227659566307,0.4587724162514131,16.0,,0,1,Enterprise,Enterprise,16.0,3184.0
A-7c4956,0.7163096464319695,-0.0093899522514764,0,-0.2397096390481482,0.8756434594681648,27.0,,1,1,Basic,Basic,27.0,513.0
A-7c5768,0.5285818857406989,1.0664302914176793,0,-0.0599968377921508,0.8293244546663036,26.0,3.5,0,1,Enterprise,Enterprise,26.0,0.0
A-7c6b6b,,,0,,,23.0,,0,1,Pro,Pro,23.0,1127.0
A-7c83a1,0.3408541250494283,-0.0093899522514764,0,0.0951736866403402,0.4587724162514131,24.0,,0,1,Pro,Pro,24.0,1176.0
A-7cfe77,-0.2223291570243834,1.0664302914176793,1,-0.6062604187024513,-0.0970556413709226,69.0,3.0,0,1,Basic,Basic,69.0,1311.0
A-7d514c,0.0458533582488602,1.0664302914176793,0,0.8327614685941034,-0.0970556413709226,17.0,,1,1,Enterprise,Enterprise,17.0,3383.0
A-7da956,-0.0614196478604372,-1.0852101959206322,0,-0.0074816432988417,-0.0507366365690612,15.0,,0,1,Enterprise,Enterprise,15.0,2985.0
A-7dacce,0.2872176219947795,-0.0093899522514764,0,-0.7426943662051689,-0.1433746461727839,12.0,,0,1,Pro,Pro,12.0,0.0
A-7df7a7,1.118583419341835,-0.0093899522514764,0,1.147852635553958,0.9682814690718874,30.0,,0,1,Enterprise,Enterprise,30.0,5970.0
A-7e0a10,0.5822183887953476,-0.0093899522514764,0,3.3854221536884688,1.0146004738737486,70.0,,1,1,Enterprise,Enterprise,70.0,13930.0
A-7f29a7,-0.6782394329888978,-1.0852101959206322,1,0.2645945653574479,-0.0970556413709226,41.0,,0,1,Pro,Pro,41.0,2009.0
A-7f4db3,0.90403740712324,-1.0852101959206322,0,-0.0599968377921508,-0.2823316605783678,0.0,,0,1,none,none,0.0,0.0
A-7f6b86,-1.5900599849179264,-0.0093899522514764,1,-2.9327627033909582,-0.7455217085969809,45.0,4.0,0,1,Basic,Basic,45.0,855.0
A-7f8241,0.7163096464319695,-0.0093899522514764,0,1.2858699557549662,-0.0970556413709226,34.0,,0,1,Enterprise,Enterprise,34.0,6766.0
A-80eeb6,2.003585719743539,-0.0093899522514764,0,-0.3832687636931741,-1.2550307614174552,0.0,,0,1,none,none,0.0,0.0
A-812c5b,-0.7855124390981952,-1.0852101959206322,1,0.3754306542377988,-0.0970556413709226,55.0,,0,1,Pro,Pro,55.0,2695.0
A-8145a0,-0.839148942152844,1.0664302914176793,1,-0.0449547971583889,0.0419013730346613,15.0,4.0,0,1,Basic,Basic,15.0,285.0
A-81edc3,2.298586486544107,-0.0093899522514764,0,-2.108089423031205,-1.9034968286435137,5.0,,0,1,Enterprise,Enterprise,5.0,995.0
A-82861f,-0.5977846784069246,-1.0852101959206322,1,1.8875515811054424,-0.0970556413709226,41.0,3.0,0,1,Enterprise,Enterprise,41.0,8159.0
A-82d8a6,,,0,,,0.0,3.0,0,1,none,none,0.0,0.0
A-832ec2,0.179944615885482,-1.0852101959206322,0,1.095337441060649,0.6440484354588583,22.0,,0,1,Enterprise,Enterprise,22.0,4378.0
A-84ebe4,0.609036640322672,2.142250535086835,0,-0.5326335882319325,-0.5139266845876743,36.0,4.0,0,1,Enterprise,Enterprise,36.0,7164.0
A-854864,,,0,,,20.0,,0,1,Pro,Pro,20.0,980.0
A-855a48,-1.563241733390602,-1.0852101959206322,1,-0.0599968377921508,-0.0970556413709226,60.0,,0,1,Enterprise,Enterprise,60.0,11940.0
A-856b1e,0.2603993704674552,-1.0852101959206322,0,-0.5255084110896243,-0.8844787230025648,19.0,,0,1,Basic,Basic,19.0,0.0
A-86902e,0.179944615885482,-0.0093899522514764,0,-0.0599968377921508,-0.0970556413709226,34.0,,0,1,Enterprise,Enterprise,34.0,6766.0
A-86cdb4,2.432677744180729,2.142250535086835,0,0.0252413924658332,0.6903674402607196,17.0,3.0,0,1,Basic,Basic,17.0,323.0
A-86fc1d,1.0917651678145106,-0.0093899522514764,0,-1.530422283604805,-0.1896936509746452,26.0,,1,1,Basic,Basic,26.0,0.0
A-87aa7b,0.9308556586505644,1.0664302914176793,0,-0.6608867767934814,1.153557488279333,51.0,,1,1,Pro,Pro,51.0,2499.0
A-883b7d,1.386765934615079,2.142250535086835,0,-0.0599968377921508,-0.0970556413709226,50.0,3.0,0,1,Enterprise,Enterprise,50.0,9950.0
A-88c6ca,,,0,,,23.0,,0,1,Pro,Pro,23.0,1127.0
A-89ee83,,,0,,,18.0,4.0,0,1,Enterprise,Enterprise,18.0,3582.0
A-8adedc,-0.9196036967348172,-1.0852101959206322,1,-0.0599968377921508,-0.0970556413709226,68.0,,0,1,Pro,Pro,68.0,3332.0
A-8ae05d,0.9576739101778888,-0.0093899522514764,0,-0.4912020026266585,-0.0970556413709226,86.0,,0,1,Enterprise,Enterprise,86.0,0.0
A-8ae3fc,0.0458533582488602,-0.0093899522514764,0,-0.0760944602247732,0.4124534114495518,20.0,,0,1,Basic,Basic,20.0,380.0
A-8b0451,-1.053694954371439,2.142250535086835,1,1.8875515811054424,-0.0970556413709226,41.0,3.0,0,1,Enterprise,Enterprise,41.0,8159.0
A-8b25f2,0.0994898613035089,-0.0093899522514764,0,0.5725605551749942,0.0419013730346613,13.0,,0,1,Enterprise,Enterprise,13.0,2587.0
A-8bde0c,,,0,,,12.0,,1,1,Enterprise,Enterprise,12.0,2388.0
A-8e47ca,-1.4559687272813044,-0.0093899522514764,1,-1.0577855331650234,-0.9771167326062874,0.0,,0,1,none,none,0.0,0.0
A-8ed5dd,-0.0614196478604372,1.0664302914176793,1,-0.1001089461488492,-0.467607679785813,15.0,3.0,0,1,Basic,Basic,15.0,285.0
A-902ef7,-0.410056917715654,-1.0852101959206322,1,-3.4198925919290946,-0.0970556413709226,83.0,,0,1,Basic,Basic,83.0,1577.0
A-9077b0,-1.643696487972575,-1.0852101959206322,1,0.0350055241052926,-0.0970556413709226,2.0,,0,1,Enterprise,Enterprise,2.0,398.0
A-90a8c8,-0.5709664268796002,-0.0093899522514764,1,-0.7426943662051689,-0.6992027037951195,15.0,,0,1,Enterprise,Enterprise,15.0,2985.0
A-9123ac,1.9767674682162149,-0.0093899522514764,0,0.7688987697630442,0.3198154018458292,18.0,3.5,0,1,Enterprise,Enterprise,18.0,3582.0
A-9174e0,,,0,,,37.0,5.0,0,1,Enterprise,Enterprise,37.0,7363.0
A-91e948,0.1263081128308333,-0.0093899522514764,0,-0.0599968377921508,-0.0970556413709226,41.0,,0,1,Enterprise,Enterprise,41.0,8159.0
A-9208f0,-0.0346013963331128,1.0664302914176793,1,-0.0599968377921508,-0.0970556413709226,17.0,3.0,0,1,Basic,Basic,17.0,0.0
A-922109,-0.973240199789466,-0.0093899522514764,1,-0.1634438540804783,-0.2360126557765064,5.0,,0,1,Basic,Basic,5.0,0.0
A-9289f6,-0.1418744024424103,2.142250535086835,0,-0.629483218277382,0.2734963970439678,25.0,5.0,0,1,Pro,Pro,25.0,1225.0
A-92a333,0.823582652541267,-0.0093899522514764,0,-0.0599968377921508,-0.0970556413709226,9.0,,0,1,Basic,Basic,9.0,171.0
A-92a3af,0.8504009040685914,-0.0093899522514764,0,-1.1546351632104728,-0.1896936509746452,25.0,,0,1,Pro,Pro,25.0,1225.0
A-940b8b,-1.2950592181173584,1.0664302914176793,1,-0.0599968377921508,-0.2360126557765064,7.0,,1,1,Enterprise,Enterprise,7.0,0.0
A-94c3cd,-0.0882378993877616,-1.0852101959206322,1,1.3948587764873113,-0.6992027037951195,32.0,,0,1,Enterprise,Enterprise,32.0,6368.0
A-94d3da,0.5017636342133746,1.0664302914176793,0,-2.0075452566897436,-0.0970556413709226,41.0,3.0,0,1,Basic,Basic,41.0,779.0
A-94f8c9,1.0649469162871863,-1.0852101959206322,0,-0.0599968377921508,-0.0970556413709226,13.0,,0,1,Enterprise,Enterprise,13.0,2587.0
A-956988,,,0,,,32.0,3.0,0,1,Enterprise,Enterprise,32.0,6368.0
A-95b24a,1.708584952942971,-0.0093899522514764,0,-0.2505293524864682,-0.0970556413709226,38.0,,0,1,Pro,Pro,38.0,0.0
A-96215d,-0.2491474085517078,-0.0093899522514764,1,-0.7709311793246869,-0.3749696701820904,10.0,,0,1,Pro,Pro,10.0,490.0
A-96bbc6,2.4863142472353776,-0.0093899522514764,0,-0.6920264398598657,-1.2550307614174552,39.0,,0,1,Basic,Basic,39.0,741.0
A-96e141,0.2067628674128064,-0.0093899522514764,0,-0.0599968377921508,-0.0970556413709226,25.0,,0,1,Enterprise,Enterprise,25.0,4975.0
A-970c97,1.5476754437790248,-0.0093899522514764,0,-1.2847356199200275,-0.5139266845876743,19.0,,0,1,Pro,Pro,19.0,931.0
A-9779ad,0.609036640322672,2.142250535086835,0,1.5233758604985752,-0.0970556413709226,40.0,5.0,0,1,Enterprise,Enterprise,40.0,7960.0
A-977ca0,1.5744936953063493,1.0664302914176793,0,-0.5125775340535833,-1.7182208094360685,0.0,4.0,0,1,none,none,0.0,0.0
A-98a59a,-0.2759656600790321,-0.0093899522514764,1,-2.276718615399167,-0.0970556413709226,56.0,4.0,0,1,Pro,Pro,56.0,2744.0
A-993085,-1.7509694940818723,1.0664302914176793,1,-0.4867157799815015,-1.6255827998323455,0.0,3.0,0,1,none,none,0.0,0.0
A-9a532a,-0.3564204146610052,-0.0093899522514764,1,0.517670301634249,-2.459324886265849,11.0,,0,1,Enterprise,Enterprise,11.0,2189.0
A-9affe6,0.7431278979592939,-1.0852101959206322,0,0.0175884244240947,0.1808583874402452,23.0,,0,1,Pro,Pro,23.0,1127.0
A-9b9fe9,0.179944615885482,-0.0093899522514764,0,2.5011085016930985,1.987299574712836,50.0,,1,1,Enterprise,Enterprise,50.0,9950.0
A-9badbd,-2.3946075307376575,-0.0093899522514764,1,-0.0599968377921508,-1.0234357374081486,0.0,,1,1,none,none,0.0,0.0
A-9bfc9f,-0.5173299238249515,-2.161030439589788,1,-0.0599968377921508,-0.0970556413709226,60.0,,0,1,Pro,Pro,60.0,2940.0
A-9c18c4,0.2067628674128064,1.0664302914176793,0,-0.0599968377921508,-0.0970556413709226,11.0,3.0,0,1,Enterprise,Enterprise,11.0,2189.0
A-9ee962,-0.1418744024424103,-0.0093899522514764,1,-0.0599968377921508,-0.0970556413709226,9.0,,0,1,Basic,Basic,9.0,171.0
A-9f0b68,-1.992333757827792,1.0664302914176793,1,-0.7426943662051689,0.1345393826383839,18.0,,1,1,Pro,Pro,18.0,0.0
A-9f2731,,,0,,,5.0,,0,1,Pro,Pro,5.0,0.0
A-9f9299,-0.7855124390981952,1.0664302914176793,0,-1.168357726595659,-0.0970556413709226,28.0,5.0,0,1,Pro,Pro,28.0,1372.0
A-a09355,1.2258564254511324,-0.0093899522514764,0,-0.0729277148281918,-0.1433746461727839,14.0,,0,1,Pro,Pro,14.0,686.0
A-a0ca4e,0.2335811189401308,1.0664302914176793,0,0.6717852442678797,-1.1623927518137325,26.0,,1,1,Enterprise,Enterprise,26.0,5174.0
A-a1b80b,2.4863142472353776,-1.0852101959206322,0,-0.9002399496850961,-0.0970556413709226,16.0,,0,1,Pro,Pro,16.0,0.0
A-a1bbb6,1.0381286647598618,-0.0093899522514764,0,-0.1634438540804783,0.2271773922421065,15.0,,0,1,Pro,Pro,15.0,0.0
A-a2485e,0.8504009040685914,-0.0093899522514764,0,-0.0465381698566797,-2.459324886265849,17.0,,0,1,Enterprise,Enterprise,17.0,3383.0
A-a33200,0.6894913949046452,-0.0093899522514764,0,-1.4375310853050824,-0.0970556413709226,29.0,,0,1,Basic,Basic,29.0,551.0
A-a45270,-0.0614196478604372,2.142250535086835,1,-0.2054032305851825,1.6167475362979458,66.0,4.0,0,1,Basic,Basic,66.0,0.0
A-a6d261,-2.126425015464414,2.142250535086835,1,-0.3310174646495801,-0.6992027037951195,13.0,4.0,0,1,Basic,Basic,13.0,247.0
A-a7bd4b,-0.5441481753522759,1.0664302914176793,0,-0.0599968377921508,-0.0970556413709226,18.0,3.0,0,1,Basic,Basic,18.0,342.0
A-a865bd,1.0381286647598618,1.0664302914176793,0,-0.0599968377921508,-0.0970556413709226,56.0,3.0,0,1,Pro,Pro,56.0,2744.0
A-a8b49c,-1.0268767028441146,-0.0093899522514764,1,-0.5996630324595733,-0.3286506653802291,7.0,,0,1,Pro,Pro,7.0,343.0
A-a8d89d,-1.134149708953412,-0.0093899522514764,1,-0.0399407836138016,0.0882203778365226,17.0,,0,1,Basic,Basic,17.0,323.0
A-aa9511,0.823582652541267,-0.0093899522514764,0,1.5154589970071215,-1.393987775823039,30.0,,0,1,Enterprise,Enterprise,30.0,5970.0
A-ab438f,-0.4636934207703028,-0.0093899522514764,1,-0.0599968377921508,3.2814525688768432,77.0,,0,1,Pro,Pro,77.0,0.0
A-ac14bb,0.1531263643581577,-0.0093899522514764,0,-0.0599968377921508,-0.0970556413709226,28.0,,0,1,Basic,Basic,28.0,532.0
A-ac85cd,1.4940389407243762,-1.0852101959206322,0,0.7733849924082012,1.3851525122886392,85.0,,0,1,Pro,Pro,85.0,4165.0
A-ac9111,0.5017636342133746,-0.0093899522514764,0,-0.0950949326042619,-0.4212886749839517,21.0,,0,1,Basic,Basic,21.0,399.0
A-acb7f7,2.218131731962134,-0.0093899522514764,0,-0.313336469518667,-0.0970556413709226,32.0,,0,1,Basic,Basic,32.0,608.0
A-ad296b,0.1531263643581577,-1.0852101959206322,0,-1.5642009011683404,-0.0970556413709226,38.0,,0,1,Pro,Pro,38.0,1862.0
A-ad3abd,-0.0077831448057885,1.0664302914176793,0,-0.0599968377921508,-0.0970556413709226,44.0,,1,1,Pro,Pro,44.0,2156.0
A-ad64c6,-0.0882378993877616,1.0664302914176793,1,1.255258083588012,0.6440484354588583,28.0,,1,1,Enterprise,Enterprise,28.0,5572.0
A-adc1f3,0.9308556586505644,-0.0093899522514764,0,0.2025791346743945,-0.6065646941913969,5.0,,0,1,Enterprise,Enterprise,5.0,995.0
A-ae052e,0.3676723765767526,-0.0093899522514764,0,-0.564301042197747,-0.0970556413709226,39.0,,0,1,Basic,Basic,39.0,0.0
A-af0cd2,2.1108587258528364,-0.0093899522514764,0,0.1305356769021665,1.663066541099807,57.0,,0,1,Basic,Basic,57.0,1083.0
A-afa505,1.2526746769784567,-1.0852101959206322,0,3.425507872500196,-0.0970556413709226,70.0,,0,1,Enterprise,Enterprise,70.0,13930.0
A-b07346,,,0,,,51.0,3.0,0,1,Enterprise,Enterprise,51.0,0.0
A-b07b56,,,0,,,25.0,,1,1,Basic,Basic,25.0,0.0
A-b11cd0,-0.0346013963331128,1.0664302914176793,1,-0.0599968377921508,-0.0970556413709226,26.0,3.0,0,1,Pro,Pro,26.0,1274.0
A-b179bf,,,0,,,43.0,,1,1,Pro,Pro,43.0,0.0
A-b20d99,-1.053694954371439,-0.0093899522514764,1,0.6411733721009256,-0.4212886749839517,20.0,,0,1,Enterprise,Enterprise,20.0,3980.0
A-b2225d,-1.0805132058987634,-1.0852101959206322,1,0.1756617988034521,-0.0970556413709226,47.0,,0,1,Basic,Basic,47.0,893.0
A-b2af2e,0.4749453826860502,-0.0093899522514764,0,-0.0219958930331734,1.5704285314960844,54.0,,0,1,Basic,Basic,54.0,1026.0
A-b30291,-0.3027839116063565,-0.0093899522514764,0,-0.2009170079400254,-1.7645398142379296,5.0,,0,1,Pro,Pro,5.0,245.0
A-b3fe05,-1.268240966590034,1.0664302914176793,1,-0.9527551441784052,-0.0044176317671999,19.0,,1,1,Basic,Basic,19.0,0.0
A-b44e3e,-0.1955109054970591,-0.0093899522514764,1,-0.0599968377921508,-1.9498158334453748,0.0,,0,1,none,none,0.0,0.0
A-b48f73,,,0,,,80.0,,0,1,Pro,Pro,80.0,3920.0
A-b54c01,0.3140358735221039,-0.0093899522514764,0,0.0854095550008808,1.2461954978830552,29.0,,0,1,Basic,Basic,29.0,551.0
A-b7724f,-1.2950592181173584,-0.0093899522514764,1,0.0352694195550078,0.7830054498644422,29.0,3.0,0,1,Basic,Basic,29.0,551.0
A-b78bf8,,,0,,,33.0,4.0,0,1,Pro,Pro,33.0,1617.0
A-b7b7b7,-1.5364234818632776,-1.0852101959206322,1,-1.0100204567665865,-0.0970556413709226,24.0,,0,1,Pro,Pro,24.0,1176.0
A-b7ef83,0.0458533582488602,1.0664302914176793,0,-0.1674022858262051,0.2271773922421065,12.0,,1,1,Pro,Pro,12.0,588.0
A-b9eed8,0.1263081128308333,-1.0852101959206322,0,-0.0399407836138016,0.0882203778365226,18.0,,0,1,Basic,Basic,18.0,342.0
A-b9f5b1,0.4213088796314014,-0.0093899522514764,0,0.5121284971902315,-1.393987775823039,15.0,4.0,0,1,Enterprise,Enterprise,15.0,2985.0
A-ba6516,-1.8850607517184943,1.0664302914176793,1,1.3579134135271942,-0.467607679785813,27.0,4.0,0,1,Enterprise,Enterprise,27.0,5373.0
A-bad8c1,0.6358548918499963,-0.0093899522514764,0,-0.0599968377921508,-0.0970556413709226,37.0,,0,1,Pro,Pro,37.0,1813.0
A-bb1486,,,0,,,67.0,,0,1,Pro,Pro,67.0,3283.0
A-bb1eaa,0.5285818857406989,-1.0852101959206322,0,-0.8395439962506184,0.0882203778365226,25.0,,0,1,Pro,Pro,25.0,1225.0
A-bb2f49,0.0458533582488602,-0.0093899522514764,0,0.1210354407124221,0.5514104258551357,28.0,,0,1,Pro,Pro,28.0,1372.0
A-bb3bd4,-1.1609679604807366,-0.0093899522514764,1,-0.0599968377921508,-0.0970556413709226,23.0,3.0,0,1,Basic,Basic,23.0,437.0
A-bbc346,-0.7855124390981952,-1.0852101959206322,1,-0.0599968377921508,-0.0970556413709226,19.0,,0,1,Pro,Pro,19.0,0.0
A-bbe56f,-0.0346013963331128,1.0664302914176793,0,-0.2212369575680898,-0.0507366365690612,22.0,4.0,0,1,Basic,Basic,22.0,418.0
A-bc4d48,-0.410056917715654,-1.0852101959206322,1,-0.3370870599930279,-0.0970556413709226,35.0,5.0,0,1,Basic,Basic,35.0,665.0
A-bc87bc,1.2258564254511324,2.142250535086835,0,-0.1101369732380238,-0.5602456893895357,8.0,4.0,0,1,Basic,Basic,8.0,152.0
A-bcbe98,1.8426762105795929,-2.161030439589788,0,0.1706477852588648,-0.0970556413709226,46.0,,0,1,Basic,Basic,46.0,874.0
A-bcf664,0.7967644010139426,-0.0093899522514764,0,0.517670301634249,1.802023555505391,47.0,4.0,0,1,Pro,Pro,47.0,2303.0
A-bcf87c,0.0726716097761846,-0.0093899522514764,0,0.3076095236610127,0.2271773922421065,17.0,,0,1,Enterprise,Enterprise,17.0,3383.0
A-bd4513,,,0,,,50.0,5.0,0,1,Basic,Basic,50.0,950.0
A-bd4708,-0.624602929934249,2.142250535086835,1,1.6975468573105552,-0.0970556413709226,37.0,3.0,0,1,Enterprise,Enterprise,37.0,7363.0
A-bece89,0.6894913949046452,-0.0093899522514764,0,-0.9340185672486316,0.4587724162514131,38.0,,0,1,Pro,Pro,38.0,1862.0
A-bf7919,,,0,,,11.0,,1,1,Enterprise,Enterprise,11.0,0.0
A-c16101,1.0113104132325377,-0.0093899522514764,0,-0.0497049152532611,-0.5139266845876743,7.0,,1,1,Pro,Pro,7.0,343.0
A-c16b88,-2.072788512409765,-0.0093899522514764,1,1.147852635553958,0.9682814690718874,23.0,,0,1,Enterprise,Enterprise,23.0,4577.0
A-c16cf7,,,0,,,35.0,4.0,0,1,Basic,Basic,35.0,665.0
A-c1dfe1,0.3676723765767526,-1.0852101959206322,0,-0.0599968377921508,-0.0970556413709226,26.0,,0,1,Basic,Basic,26.0,494.0
A-c1e51e,,,0,,,0.0,3.0,0,1,none,none,0.0,0.0
A-c222ab,1.0113104132325377,2.142250535086835,0,-1.3266949964247317,-0.0970556413709226,32.0,5.0,0,1,Pro,Pro,32.0,1568.0
A-c37601,,,0,,,54.0,,0,1,Enterprise,Enterprise,54.0,10746.0
A-c37cab,-0.0077831448057885,-0.0093899522514764,0,-0.0950949326042619,-0.4212886749839517,23.0,,0,1,Basic,Basic,23.0,437.0
A-c42f1f,-0.2223291570243834,-1.0852101959206322,1,-0.1621243768319027,-0.2360126557765064,8.0,,0,1,Basic,Basic,8.0,152.0
A-c43359,,,0,,,38.0,,0,1,Basic,Basic,38.0,722.0
A-c45b23,-1.053694954371439,1.0664302914176793,1,-0.0599968377921508,-1.2550307614174552,0.0,,1,1,none,none,0.0,0.0
A-c4ea60,0.2872176219947795,-0.0093899522514764,0,0.6525208764386758,-0.0970556413709226,18.0,,0,1,Enterprise,Enterprise,18.0,3582.0
A-c58f49,0.7163096464319695,-2.161030439589788,0,-0.0599968377921508,-0.0970556413709226,70.0,,0,1,Enterprise,Enterprise,70.0,13930.0
A-c608c8,0.6358548918499963,-1.0852101959206322,0,0.1864815122417721,0.6440484354588583,21.0,,0,1,Pro,Pro,21.0,1029.0
A-c62e55,0.9308556586505644,-0.0093899522514764,0,-0.666692476687214,-0.1433746461727839,14.0,,0,1,Pro,Pro,14.0,686.0
A-c70870,,,0,,,94.0,,0,1,Pro,Pro,94.0,4606.0
A-c7e58b,-0.8927854452074928,1.0664302914176793,1,-0.0599968377921508,-0.0970556413709226,16.0,4.0,0,1,Pro,Pro,16.0,0.0
A-c7ffc2,-0.4368751692429784,-0.0093899522514764,1,0.0352694195550078,0.7830054498644422,49.0,,0,1,Basic,Basic,49.0,931.0
A-c9bb3e,-1.134149708953412,2.142250535086835,1,-0.1391654727066871,-0.0970556413709226,10.0,4.0,0,1,Basic,Basic,10.0,190.0
A-cab532,-0.4636934207703028,-0.0093899522514764,1,0.0951736866403402,0.4587724162514131,35.0,,0,1,Pro,Pro,35.0,1715.0
A-cb5333,0.1531263643581577,-0.0093899522514764,0,-1.366279313882,-0.0970556413709226,33.0,,0,1,Pro,Pro,33.0,1617.0
A-cb6cc6,-0.1150561509150859,1.0664302914176793,1,0.1980929120292374,0.4587724162514131,25.0,3.0,0,1,Pro,Pro,25.0,1225.0
A-cbbe12,-0.1150561509150859,-2.161030439589788,1,1.4069979671742068,-0.5139266845876743,40.0,,0,1,Enterprise,Enterprise,40.0,7960.0
A-cbd1a3,,,0,,,20.0,,0,1,Basic,Basic,20.0,380.0
A-cc102e,1.0649469162871863,1.0664302914176793,0,-0.677512190125534,-0.0970556413709226,13.0,5.0,0,1,Basic,Basic,13.0,247.0
A-cc1d8d,,,0,,,6.0,,0,1,Enterprise,Enterprise,6.0,1194.0
A-cc8c8f,0.0190351067215358,-0.0093899522514764,0,-0.1753191493176587,1.06091947867561,48.0,,0,1,Basic,Basic,48.0,0.0
A-cc98bc,2.2449499834894584,-0.0093899522514764,0,-0.0599968377921508,-0.0970556413709226,32.0,,0,1,Basic,Basic,32.0,0.0
A-ccabf0,0.0458533582488602,-0.0093899522514764,0,-0.1125120322854599,-0.1433746461727839,0.0,,0,1,none,none,0.0,0.0
A-ccb686,1.9767674682162149,-0.0093899522514764,0,-2.7881479969470715,-2.0424538430490973,11.0,,0,1,Basic,Basic,11.0,209.0
A-ccc747,-0.3564204146610052,-1.0852101959206322,1,-0.1866666536554089,-0.0970556413709226,16.0,,0,1,Basic,Basic,16.0,304.0
A-cd458b,0.0726716097761846,-0.0093899522514764,0,0.3297767414370828,-0.8844787230025648,10.0,5.0,0,1,Enterprise,Enterprise,10.0,1990.0
A-cdf020,-0.3832386661883297,-0.0093899522514764,1,0.2115515799647086,0.8756434594681648,44.0,,0,1,Pro,Pro,44.0,2156.0
A-ce550d,,,0,,,0.0,5.0,0,1,none,none,0.0,0.0
A-ce66f8,1.199038173923808,-0.0093899522514764,0,-0.0599968377921508,-0.0970556413709226,29.0,4.0,0,1,Pro,Pro,29.0,1421.0
A-cea1f0,0.823582652541267,-0.0093899522514764,0,0.2566777018659943,-0.0970556413709226,8.0,4.0,0,1,Enterprise,Enterprise,8.0,1592.0
A-ced9aa,,,0,,,3.0,,0,1,Pro,Pro,3.0,147.0
A-d26ab4,,,0,,,33.0,,0,1,Enterprise,Enterprise,33.0,6567.0
A-d27f50,0.9844921617052133,-0.0093899522514764,0,-0.6289554273779517,-2.13509185265282,0.0,,0,1,none,none,0.0,0.0
A-d3c88e,,,0,,,16.0,,0,1,Enterprise,Enterprise,16.0,3184.0
A-d40bf7,,,0,,,59.0,5.0,0,1,Basic,Basic,59.0,1121.0
A-d42431,0.0190351067215358,-1.0852101959206322,0,0.9850291430797282,-0.0970556413709226,22.0,,0,1,Enterprise,Enterprise,22.0,4378.0
A-d49cc5,1.3331294315604298,-0.0093899522514764,0,-0.0599968377921508,-0.0970556413709226,50.0,,1,1,Basic,Basic,50.0,950.0
A-d4ac0e,1.5208571922517005,-0.0093899522514764,0,0.0273525560635541,-0.6065646941913969,18.0,3.0,0,1,Pro,Pro,18.0,882.0
A-d4e0d4,,,0,,,117.0,,0,1,Enterprise,Enterprise,117.0,23283.0
A-d535f6,-0.839148942152844,-0.0093899522514764,1,-0.6901791717118598,-0.0970556413709226,12.0,,0,1,Enterprise,Enterprise,12.0,0.0
A-d5a319,1.923130965161566,-1.0852101959206322,0,-0.9002399496850961,-0.8381597182007035,15.0,,0,1,Enterprise,Enterprise,15.0,2985.0
A-d62e02,1.8694944621069176,-0.0093899522514764,0,-0.2700576157653871,-0.2823316605783678,6.0,,0,1,Enterprise,Enterprise,6.0,1194.0
A-d77f4c,-0.9196036967348172,-0.0093899522514764,1,-1.2153311166449507,-1.1160737470118711,0.0,,0,1,none,none,0.0,0.0
A-d792a6,-0.5709664268796002,2.142250535086835,1,3.353490804272939,0.2271773922421065,65.0,,1,1,Enterprise,Enterprise,65.0,12935.0
A-d82ef9,-2.126425015464414,2.142250535086835,1,-0.2658352885699452,-0.0970556413709226,26.0,4.0,0,1,Basic,Basic,26.0,494.0
A-d922bf,-0.4905116722976271,-1.0852101959206322,1,-0.3750880047520053,-0.3749696701820904,9.0,,0,1,Enterprise,Enterprise,9.0,1791.0
A-db5e9e,,,0,,,12.0,,0,1,Pro,Pro,12.0,588.0
A-dbc825,-0.7050576845162221,-0.0093899522514764,0,-2.3279143326439007,-1.3013497662193163,19.0,5.0,0,1,Basic,Basic,19.0,361.0
A-dcc2f0,-0.7855124390981952,-0.0093899522514764,1,-0.0935115599059712,0.6903674402607196,32.0,,0,1,Basic,Basic,32.0,608.0
A-dcc3f1,0.90403740712324,-2.161030439589788,0,-1.1100368322086174,-0.1433746461727839,21.0,,0,1,Basic,Basic,21.0,399.0
A-de24d5,,,0,,,5.0,,1,1,Pro,Pro,5.0,245.0
A-de58ca,0.1263081128308333,-0.0093899522514764,0,-0.0599968377921508,-0.0970556413709226,36.0,4.0,0,1,Enterprise,Enterprise,36.0,7164.0
A-dec005,0.7967644010139426,-0.0093899522514764,0,-0.1652911222284841,-1.06975474221001,0.0,,0,1,none,none,0.0,0.0
A-df10db,-1.8314242486638457,-1.0852101959206322,0,0.4999893065033359,-0.1896936509746452,12.0,,0,1,Enterprise,Enterprise,12.0,2388.0
A-df1e44,0.3408541250494283,1.0664302914176793,0,-0.5350086472793686,-0.0970556413709226,12.0,,1,1,Pro,Pro,12.0,588.0
A-dfbd31,-2.1532432669917383,1.0664302914176793,1,-0.5458283607176886,-1.4403067806249004,14.0,,1,1,Basic,Basic,14.0,266.0
A-e08cd3,1.923130965161566,2.142250535086835,0,-0.5904266917195441,-0.0970556413709226,67.0,4.0,0,1,Basic,Basic,67.0,1273.0
A-e1462e,-0.624602929934249,-1.0852101959206322,1,-0.5796069782812241,-1.532944790228623,15.0,,0,1,Basic,Basic,15.0,285.0
A-e19ff6,-0.5441481753522759,-0.0093899522514764,1,0.2762059651449133,0.9682814690718874,26.0,,0,1,Pro,Pro,26.0,1274.0
A-e1b9cd,-2.420621234719162,-0.0093899522514764,1,0.4572382436494863,-0.0970556413709226,40.0,,0,1,Pro,Pro,40.0,1960.0
A-e2cd1b,0.0458533582488602,-1.0852101959206322,0,0.1983568074789526,-1.4403067806249004,16.0,,0,1,Enterprise,Enterprise,16.0,3184.0
A-e351e1,0.5017636342133746,1.0664302914176793,0,-0.2254592847635317,-1.6255827998323455,0.0,3.5,0,1,none,none,0.0,0.0
A-e36807,1.8158579590522683,-1.0852101959206322,0,0.282275560488361,-0.8844787230025648,9.0,,0,1,Enterprise,Enterprise,9.0,1791.0
A-e3bd71,1.6549484498883222,-0.0093899522514764,0,0.1352857949970386,-0.5602456893895357,31.0,,0,1,Pro,Pro,31.0,1519.0
A-e40f45,1.5476754437790248,-1.0852101959206322,0,-0.0599968377921508,-1.06975474221001,0.0,,0,1,none,none,0.0,0.0
A-e4144b,,,0,,,41.0,,0,1,Enterprise,Enterprise,41.0,8159.0
A-e43bf7,0.5554001372680233,1.0664302914176793,0,-0.0599968377921508,-0.0970556413709226,44.0,3.5,0,1,Enterprise,Enterprise,44.0,8756.0
A-e4bf56,,,0,,,22.0,,0,1,Enterprise,Enterprise,22.0,4378.0
A-e51ec7,0.2067628674128064,1.0664302914176793,0,0.4651551071409399,0.2734963970439678,10.0,5.0,0,1,Enterprise,Enterprise,10.0,1990.0
A-e5d6ab,1.6549484498883222,-1.0852101959206322,0,0.1582446991222542,-0.4212886749839517,32.0,,0,1,Pro,Pro,32.0,1568.0
A-e60f9d,-0.7318759360435465,-0.0093899522514764,1,-0.4349922718373378,-1.4403067806249004,0.0,,0,1,none,none,0.0,0.0
A-e61e98,-2.420621234719162,1.0664302914176793,1,-0.0599968377921508,-0.0970556413709226,34.0,,1,1,Enterprise,Enterprise,34.0,6766.0
A-e693b6,0.0726716097761846,-0.0093899522514764,0,2.552568114387547,-0.0970556413709226,55.0,,0,1,Enterprise,Enterprise,55.0,10945.0
A-e6afc1,-0.6514211814615734,-0.0093899522514764,1,-0.0858585918642327,0.2271773922421065,9.0,,0,1,Pro,Pro,9.0,0.0
A-e7a1e2,0.9844921617052133,-0.0093899522514764,0,1.6204893859937397,1.3851525122886392,44.0,,0,1,Enterprise,Enterprise,44.0,8756.0
A-e7beab,-0.0882378993877616,-1.0852101959206322,1,-0.7970568288464839,-2.737238915077017,0.0,,0,1,none,none,0.0,0.0
A-e83938,-0.5173299238249515,1.0664302914176793,1,-0.1900972945017055,0.9682814690718874,54.0,3.0,0,1,Basic,Basic,54.0,1026.0
A-e888d1,-0.5709664268796002,-1.0852101959206322,1,0.0896318821963227,0.0419013730346613,17.0,,0,1,Pro,Pro,17.0,833.0
A-e89151,1.3599476830877544,1.0664302914176793,0,2.2105596115567505,1.5704285314960844,44.0,,1,1,Enterprise,Enterprise,44.0,8756.0
A-e98302,-0.624602929934249,-0.0093899522514764,1,-0.230473298308119,-1.671901804634207,0.0,4.0,0,1,none,none,0.0,0.0
A-eafc6e,-0.1150561509150859,-0.0093899522514764,1,-0.0599968377921508,-0.1433746461727839,30.0,,0,1,Basic,Basic,30.0,0.0
A-eb1312,0.9844921617052133,-0.0093899522514764,0,-0.2579184250784916,-0.0970556413709226,25.0,,0,1,Basic,Basic,25.0,475.0
A-eb2fdc,-0.0614196478604372,-0.0093899522514764,0,-1.532533447202526,-0.0970556413709226,31.0,,0,1,Basic,Basic,31.0,589.0
A-eb7c38,-1.134149708953412,-1.0852101959206322,1,0.10546560917923,0.3661344066476905,33.0,,0,1,Basic,Basic,33.0,627.0
A-eb7fac,-0.624602929934249,-0.0093899522514764,1,-0.2972388470860446,0.7830054498644422,26.0,,0,1,Basic,Basic,26.0,494.0
A-ed510f,1.4672206891970518,-1.0852101959206322,0,-0.0599968377921508,-0.0970556413709226,42.0,,0,1,Pro,Pro,42.0,2058.0
A-ee42db,2.352222989598756,-0.0093899522514764,0,-0.5922739598675499,0.6903674402607196,30.0,,0,1,Basic,Basic,30.0,570.0
A-ef84cf,0.1263081128308333,2.142250535086835,0,-0.0599968377921508,-0.0970556413709226,8.0,4.5,0,1,Basic,Basic,8.0,152.0
A-f03140,0.4213088796314014,-0.0093899522514764,0,-1.4779070891114958,-0.0970556413709226,27.0,,0,1,Pro,Pro,27.0,0.0
A-f17767,-1.2414227150627095,-0.0093899522514764,1,-0.021204206684028,0.0419013730346613,15.0,,0,1,Pro,Pro,15.0,735.0
A-f19409,0.5285818857406989,1.0664302914176793,0,-0.1819165355605367,0.4587724162514131,35.0,4.0,0,1,Basic,Basic,35.0,665.0
A-f19b24,0.9844921617052133,-0.0093899522514764,0,-0.0599968377921508,-0.0970556413709226,29.0,,0,1,Basic,Basic,29.0,551.0
A-f1f639,0.6626731433773208,-0.0093899522514764,0,-0.0599968377921508,-0.0970556413709226,9.0,5.0,0,1,Enterprise,Enterprise,9.0,1791.0
A-f25509,-0.2223291570243834,-0.0093899522514764,1,-1.4546842895365653,1.06091947867561,57.0,,0,1,Basic,Basic,57.0,1083.0
A-f3ff05,-0.7855124390981952,-0.0093899522514764,1,-0.3621571277159643,-0.3286506653802291,30.0,,0,1,Basic,Basic,30.0,570.0
A-f44180,0.6894913949046452,-0.0093899522514764,0,-0.0599968377921508,-1.2550307614174552,10.0,,0,1,Basic,Basic,10.0,0.0
A-f446b6,0.3676723765767526,1.0664302914176793,0,-0.0599968377921508,-0.0970556413709226,5.0,,1,1,Basic,Basic,5.0,95.0
A-f45426,0.8772191555959156,-1.0852101959206322,0,-0.0858585918642327,-0.1896936509746452,9.0,,0,1,Pro,Pro,9.0,441.0
A-f51f16,-0.0346013963331128,-1.0852101959206322,1,-0.0599968377921508,-0.0970556413709226,2.0,,0,1,Basic,Basic,2.0,38.0
A-f5641b,0.4481271311587258,-2.161030439589788,0,0.6752158851141763,0.5514104258551357,45.0,,0,1,Enterprise,Enterprise,45.0,8955.0
A-f6b2fb,-0.9464219482621417,-0.0093899522514764,1,-0.0599968377921508,-0.0970556413709226,23.0,,0,1,Basic,Basic,23.0,437.0
A-f92792,0.5554001372680233,-0.0093899522514764,0,-1.2250952482844102,-0.3286506653802291,19.0,,1,1,Basic,Basic,19.0,361.0
A-f97b9a,0.8504009040685914,1.0664302914176793,0,0.146897194784504,-2.3666868766621265,16.0,,1,1,Pro,Pro,16.0,784.0
A-f9cc74,,,0,,,30.0,3.0,0,1,Pro,Pro,30.0,0.0
A-fa2041,1.8694944621069176,-0.0093899522514764,0,-0.3315452555490104,0.7366864450625809,39.0,,0,1,Pro,Pro,39.0,0.0
A-fa3095,0.2335811189401308,2.142250535086835,0,-3.385079504202676,-0.0970556413709226,70.0,,1,1,Basic,Basic,70.0,1330.0
A-faa28c,1.2794929285057812,1.0664302914176793,0,-1.960044075741022,-0.0970556413709226,48.0,,1,1,Pro,Pro,48.0,2352.0
A-fabe19,,,0,,,1.0,,0,1,Enterprise,Enterprise,1.0,0.0
A-fb186e,,,0,,,29.0,,0,1,Enterprise,Enterprise,29.0,0.0
A-fce879,0.6358548918499963,-1.0852101959206322,0,-0.1201650003271984,-0.6528836989932583,21.0,,0,1,Basic,Basic,21.0,399.0
A-fd7ad3,,,0,,,29.0,5.0,0,1,Basic,Basic,29.0,551.0
A-fd9422,-0.3564204146610052,1.0664302914176793,1,0.3991812447121597,-0.0970556413709226,58.0,4.0,0,1,Pro,Pro,58.0,2842.0
A-fda07f,-1.1609679604807366,-2.161030439589788,1,-0.0248987429800397,0.2271773922421065,14.0,,0,1,Basic,Basic,14.0,266.0
A-fdfc91,-0.7855124390981952,1.0664302914176793,1,-0.0599968377921508,-0.0970556413709226,111.0,3.0,0,1,Basic,Basic,111.0,2109.0
A-fe79a5,-0.2223291570243834,1.0664302914176793,0,-0.795209560698478,-0.7455217085969809,9.0,,1,1,Enterprise,Enterprise,9.0,1791.0
A-ff3c73,0.8504009040685914,-0.0093899522514764,0,-0.0599968377921508,-0.0970556413709226,21.0,,0,1,Basic,Basic,21.0,399.0
A-ff79f2,0.6358548918499963,-1.0852101959206322,0,-1.2678463111382596,-1.1623927518137325,0.0,,0,1,none,none,0.0,0.0
A-ffc04f,-1.268240966590034,-0.0093899522514764,1,0.005185338287484,-0.0970556413709226,13.0,,0,1,Basic,Basic,13.0,247.0
A-ffdfd5,0.7699461494866182,-0.0093899522514764,0,-1.2496375251079164,-3.0614719486900466,0.0,,0,1,none,none,0.0,0.0
